INSERT INTO 
Patient (patient_id, patient_first_name, patient_last_name, patient_dob, patient_gender, patient_medical_record, patient_phone, patient_email, patient_password)
VALUES
(3,	'Tony', 'Sleepy',		'6/9/1969', 	'Male', 	'Lung Cancer', 	'0169672769', 'tonysleepy@gmail.com', 'tonysleepy'),
(4,	'Snoob', 'Dodge',		'9/6/1969',		'Male',	'Lung Cancer',	'0172726996', 'snoobdodge@gmail.com', 'snoobdodge'),
(5,	'Kande', 'East',		'9/7/1972',		'Male',	'Lung Cancer',	'0172746551', 'kandeeast@gmail.com', 'kandeeast'),
(6,	'Tommy', 'Stank',		'12/2/1986',	'Male',	'Lung Cancer',	'0113911727', 'tommystank@gmail.com', 'tommystank'),
(7,	'Maria', 'Thompson', 	'2/9/1983',	'Female',	'Lung Cancer',	'0467925186', 'mariathompson@gmail.com', 'mariathompson'),
(8,	'Jacob', 'Lee', 		'2/5/1979',		'Male',	'Lung Cancer',	'0450173928', 'jacoblee@gmail.com', 'jacoblee'),
(9,	'Olivia', 'Brown', 		'1/11/1972',	'Female',	'Lung Cancer',	'0961240783', 'oliviabrown@gmail.com', 'oliviabrown'),
(10,'Ethan', 'Davis', 		'8/12/1985',	'Male',	'Lung Cancer',	'0780162053', 'ethandavis@gmail.com', 'ethandavis'),
(11,'Sophia', 'Martinez',	'8/8/1976',	'Female',	'Lung Cancer',	'0736012459', 'sophiamartinez@gmail.com', 'sophiamartinez'),
(12,'Alexander', 'Wilson', 	'1/6/1989',	'Male',	'Lung Cancer',	'0693258401', 'alexanderwilson@gmail.com', 'alexanderwilson'),
(13,	'Chloe', 'Edwards', 		'12/2/1971',	'Female',	'Blood Cancer',	'0271856439', 'chloeedwards@gmail.com', 'chloeedwards'),
(14,	'William', 'Nguyen', 	'9/7/1987',		'Male',	'Blood Cancer',	'0912475863', 'williamnguyen@gmail.com', 'williamnguyen'),
(15,	'Isabella', 'Rivera', 	'1/10/1974',	'Female',	'Blood Cancer',	'0895142360', 'isabellarivera@gmail.com', 'isabellarivera'),
(16,	'Samuel', 'Patel', 		'6/3/1978',		'Male',	'Blood Cancer',	'0638502941', 'samuelpatel@gmail.com', 'samuelpatel'),
(17,	'Emily', 'Kim',		'1/9/1994',	'Female',	'Blood Cancer',	'0351842976', 'emilykim@gmail.com', 'emilykim'),
(18,	'Benjamin', 'Chen', 		'1/27/1998',	'Male',	'Blood Cancer',	'0925347186', 'benjaminchen@gmail.com', 'benjaminchen'),
(19,	'Madison', 'Wright', 	'4/7/1970',		'Male',	'Blood Cancer',	'0243105769', 'madisonwright@gmail.com', 'madisonwright'),
(20,	'Daniel', 'Jackson', 	'3/11/1975',	'Male',	'Blood Cancer',	'0762950148', 'danieljackson@gmail.com', 'danieojackson'),
(21,	'Charlotte', 'Singh', 	'10/2/1981',	'Female',	'Blood Cancer',	'0695324081', 'charlottesingh@gmail.com', 'charlottesingh'),
(22,	'Nathan', 'Johnson', 	'11/05/1990',	'Male',	'Blood Cancer',	'0897306541', 'nathanjohnson@gmail.com', 'nathanjohnson'),
(23,	'Grace', 'Taylor', 		'12/8/1996',		'Female',	'Bone Cancer',	'0179854326', 'gracetaylor@gmail.com', 'gracetaylor'),
(24,	'Caleb', 'Green', 		'1/12/1982',	'Female',	'Bone Cancer',	'0637029145', 'calebgreen@gmail.com', 'calebgreen'),
(25,	'Mia', 'Rodriguez', 		'6/9/1997',	'Female',	'Bone Cancer',	'0172964583', 'miarodriguez@gmail.com', 'miarodriguez'),
(26,	'Christopher', 'Lee', 	'11/4/1977',	'Male',	'Bone Cancer',	'0345720186', 'christopherlee@gmail.com', 'christopherlee'),
(27,	'Phuc', 'Pear', 		'2/8/1993',	'Male',	'Bone Cancer',	'0249806573', 'phucpear@gmail.com', 'phucpear'),
(28,	'Binh', 'Cow', 		'5/6/1986',		'Female',	'Brain Cancer',	'0958763142', 'binhcow@gmail.com', 'binhcow'),
(29,	'Elizabeth', 'Smith',	'2/10/1973',	'Female',	'Brain Cancer',	'0481629075', 'elizabethsmith@gmail.com', 'elizabethsmith'),
(30,	'David', 'Lee', 		'1/1/1980',	'Male',	'Brain Cancer',	'0832597046', 'davidlee@gmail.com', 'davidlee'),
(31,	'Emma', 'Johnson',		'9/7/1974',	'Female',	'Brain Cancer',	'0723568401', 'emmajohnson@gmail.com', 'emmajohnson'),
(32,	'Michael', 'Brown', 		'7/3/1995',	'Male',	'Brain Cancer',	'0839572461', 'michaelbrown@gmail.com', 'michaebrown'),
(33,	'Isabella', 'Garcia', 	'1/11/1989',	'Female',	'COVID 19',		'0451932876', 'isabellagarcia@gmail.com', 'isabellagarcia'),
(34,	'Christopher', 'Davis', 	'12/6/1972',	'Male',	'COVID 19',		'0795620138', 'chrisopherdavis@gmail.com', 'christopherdavis'),
(35,	'Samantha', 'Wilson', 	'2/9/1984',	'Female',	'COVID 19',		'0739084261', 'samanthawilson@gmail.com', 'samanthawilson'),
(36,	'Matthew', 'Martinez', 	'4/8/1978',	'Male',	'COVID 19',		'0723691845', 'matthewmartinez@gmail.com', 'matthewmartinez'),
(37,	'Olivia', 'Anderson', 	'8/12/1991',	'Female',	'COVID 19',		'0417859023', 'oliviaanderson@gmail.com', 'oliviaanderson'),
(38,	'Joshua', 'Hernandez', 	'6/5/1971',		'Male',	'COVID 19',		'0496857210', 'joshuahernandez@gmail.com', 'joshuahernandez'),
(39,	'Sophia', 'Perez', 		'2/11/1985',	'Female',	'COVID 19',		'0583012476', 'sophiaperez@gmail.com', 'sophiaperez'),
(40,	'Ethan', 'Kim', 		'6/7/1999',	'Male',	'COVID 19',		'0594783102', 'ethankim@gmail.com', 'ethankim'),
(41,	'Madison', 'Davis', 		'2/3/1992',		'Male',	'COVID 19',		'0365082194', 'madisondavis@gmail.com', 'madisondavis'),
(42,	'Benjamin', 'Jackson', 	'2/10/1987',	'Male',	'COVID 19',		'0345819267', 'benjaminjackson@gmail.com', 'benjaminjackson'),
(43,	'Ava', 'Brown', 		'9/1/1976',		'Female',	'Hepatitis A',	'0857413962', 'avabrown@gmail.com', 'avabrown'),
(44,	'William', 'Gonzalez', 	'11/9/1996',	'Male',	'Hepatitis A',	'0962843571', 'williamgonzalez@gmail.com', 'williamgonzalez'),
(45,	'Abigail', 'Taylor', 	'5/4/1973',		'Female',	'Hepatitis A',	'0934708251', 'abigailtaylor@gmail.com', 'abigailtaylor'),
(46,	'James', 'White', 		'3/11/1983',	'Male',	'Hepatitis A',	'0369521874', 'jameswhite@gmail.com', 'jameswhite'),
(47,	'Emily', 'Rodriguez', 	'4/5/1995',	'Female',	'Hepatitis A',	'0867452093', 'emilyrodriguez@gmail.com', 'emilyrodriguez'),
(48,	'Jacob', 'Garcia', 		'5/8/1982',	'Male',	'Hepatitis A',	'0427389056', 'jacobgarcia@gmail.com', 'jacobgarcia'),
(49,	'Chloe', 'Scott', 		'2/6/1977',	'Female',	'Hepatitis A',	'0291635478', 'chloescott@gmail.com', 'chloescott'),
(50,	'Nicholas', 'Thompson', 	'8/2/1990',	'Male',	'Hepatitis A',	'0785361204', 'nicholasthompson@gmail.com', 'nicholasthompson'),
(51,	'Victoria', 'Nguyen', 	'10/12/1979',	'Female',	'Hepatitis A',	'0178452639', 'victorianguyen@gmail.com', 'victorianguyen'),
(52,	'Ryan', 'Martin', 		'3/17/1981',		'Male',	'Hepatitis A',	'0627485139', 'ryanmartin@gmail.com', 'ryanmartin'),
(53,	'Grace', 'Lee', 		'8/30/1993',	'Female',	'Hepatitis B',	'0739601852', 'gracelee@gmail.com', 'gracelee'),
(54,	'Joseph', 'Martinez', 	'1/17/1974',	'Male',	'Hepatitis B',	'0749563812', 'josephmartinez@gmail.com', 'josephmartinez'),
(55,	'Lillian', 'Jones', 		'7/23/1988',		'Female',	'Hepatitis B',	'0369142578', 'lillianjones@gmail.com', 'lillianjones'),
(56,	'Daniel', 'Lee', 		'11/11/1972',	'Male',	'Hepatitis B',	'0197586234', 'daniellee@gmail.com', 'daniellee'),
(57,	'Natalie', 'Wright', 	'11/16/1997',	'Female',	'Hepatitis B',	'0497685231', 'nataliewrights@gmail.com', 'nataliewrights'),
(58,	'Samuel', 'Baker', 		'2/28/1976',	'Male',	'Hepatitis B',	'0897453012', 'samulebaker@gmail.com', 'samulebaker'),
(59,	'Charlotte', 'King', 	'1/14/1984',	'Female',	'Hepatitis B',	'0632871594', 'charlotteking@gmail.com', 'charlotteking'),
(60,	'Anthony', 'Wright', 	'8/19/1970',	'Female',	'Hepatitis B',	'0542163798', 'anthonywright@gmail.com', 'anthonywright'),
(61,	'Sophia', 'Ramirez', 	'2/25/1991',	'Female',	'Hepatitis B',	'0976145238', 'sophiaramirez@gmail.com', 'sophiaramirez'),
(62,	'Alexander', 'Nguyen', 	'3/7/1986',	'Male',	'Hepatitis B',	'0423691857', 'alexandernguyen@gmail.com', 'alexandernguyen'),
(63,	'Madison', 'Taylor', 	'9/19/1994',	'Female',	'Diabetes',		'0687159402', 'madisontaylor@gmail.com', 'madisontaylor'),
(64,	'David', 'Hernandez', 	'11/25/1980',		'Male',	'Diabetes',		'0234057619', 'davidhernandez@gmail.com', 'davidhernandez'),
(65,	'Mia', 'Davis', 		'2/13/1973',	'Female',	'Diabetes',		'0326594187', 'miadavis@gmail.com', 'miadavis'),
(66,	'Josephine', 'Robinson', 	'4/12/1985',	'Female',	'Diabetes',		'0489523716', 'josephinerobinson@gmail.com', 'josephinerobinson'),
(67,	'Gabriel', 'Wilson', 	'9/6/1992',		'Female',	'Diabetes',		'0328471596', 'gabrielwilson@gmail.com', 'gabrielwilson'),
(68,	'Katherine', 'Brown',	'6/13/1975',	'Female',	'Diabetes',		'0194682573', 'katherinebrown@gmail.com', 'katherinebrown'),
(69,	'Elijah', 'Kim',		'6/11/1988',	'Female',	'Diabetes',		'0624109785', 'elijahkim@gmail.com', 'elijahkim'),
(70,	'Scarlett', 'Martinez',	'1/18/1979',	'Female',	'Diabetes',		'0634219785', 'scarlettmartinez@gmail.com', 'scarlettmartinez'),
(71,	'John', 'Lee',			'2/10/1998',	'Male',	'Diabetes',		'0678314592', 'johnlee@gmail.com', 'johnlee'),
(72,	'Hailey', 'Thomas',		'2/12/1995',	'Male',	'Diabetes',		'0738194625', 'haileythomas@gmail.com', 'haileythomas'),
(73,	'Dylan', 'Johnson',		'2/7/1982',	'Male',	'Diabetes',		'0749135628', 'dylanjohnson@gmail.com', 'dylanjohnson'),
(74,	'Audrey', 'Mitchell', 	'5/1/1976',		'Female',	'Diabetes',		'0892674105', 'audreymitchell@gmail.com', 'audreymitchell'),
(75,	'Nicholas', 'Wilson', 	'1/16/1997',	'Male',	'Diabetes',		'0851746390', 'nicholaswilson@gmail.com', 'nicholaswilson'),
(76,	'Ava', 'Davis', 		'12/9/1993',	'Female',	'Diabetes',		'0759862143', 'avadavis@gmail.com', 'avadavis'),
(77,	'Christopher', 'Taylor', 	'11/4/1970',	'Male',	'Diabetes',		'0763149852', 'christophertaylor@gmail.com', 'christophertaylor'),
(78,	'Caroline', 'Hernandez', 	'4/11/1981',	'Female',	'Asthma',		'0429856701', 'carolinehermandez@gmail.com', 'carolinehermandez'),
(79,	'Isaac', 'Smith', 		'7/8/1974',		'Male',	'Asthma',		'0237189456', 'isaacsmith@gmail.com', 'isaacsmith'),
(80,	'Addison', 'Johnson', 	'1/13/1987',	'Male',	'Asthma',		'0743652981', 'addisonjohnson@gmail.com', 'addisonjohnson'),
(81,	'Alexander', 'Perez', 	'3/5/1971',		'Male',	'Asthma',		'0359846721', 'alexanderperez@gmail.com', 'alexanderperez'),
(82,	'Lily', 'Davis', 		'10/12/1984',	'Female',	'Asthma',		'0647359182', 'lilydavis@gmail.com', 'lilydavis'),
(83,	'Benjamin', 'Scott', 	'8/19/1977',	'Male',	'Asthma',		'0358412769', 'benjaminscott@gmail.com', 'benjaminscott'),
(84,	'Aria', 'Patel',		'1/27/1989',	'Female',	'Asthma',		'0341592876', 'ariapatel@gmail.com', 'ariapatel'),
(85,	'Christian', 'Baker', 	'9/2/1998',		'Male',	'Asthma',		'0913467582', 'christianbaker@gmail.com', 'christianbaker'),
(86,	'Elizabeth', 'Adams', 	'2/26/1973',	'Female',	'Asthma',		'0947182563', 'elizabethadams@gmail.com', 'elizabethadams'),
(87,	'Daniel', 'Rodriguez', 	'1/11/1983',	'Male',	'Asthma',		'0378562149', 'danielrodriguez@gmail.com', 'danielrodriguez'),
(88,	'Leah', 'Ramirez', 		'2/14/1972',	'Female',	'Dengue',		'0294517683', 'leahramirez@gmail.com', 'leahramirez'),
(89,	'Noah', 'Garcia', 		'9/11/1985',	'Female',	'Dengue',		'0857164390', 'noahgarcia@gmail.com', 'noahgarcia'),
(90,	'Evelyn', 'Lee', 		'2/21/1990',	'Female',	'Dengue',		'0459318762', 'evelynlee@gmail.com', 'evelynlee'),
(91,	'Ethan', 'Thomas', 		'7/27/1973',		'Male',	'Dengue',		'0973542168', 'ethanthomas@gmail.com', 'ethanthomas'),
(92,	'Samantha', 'Wright', 	'1/10/1982',	'Female',	'Dengue',		'0965147283', 'samanthawright@gmail.com', 'samanthawright'),
(93,	'Tyler', 'Perez', 		'12/2/2001',	'Male',	'Dengue',		'0245381976', 'tylerperez@gmail.com', 'tylerperez'),
(94,	'Eleanor', 'Scott', 		'2/12/1976',	'Female',	'Dengue',		'0637982541', 'eleanorscott@gmail.com', 'eleanorscott'),
(95,	'Jonathan', 'Wilson', 	'3/31/2002',	'Male',	'Dengue',		'0491587236', 'johnathanwilson@gmail.com', 'johnathanwilson'),
(96,	'Chloe', 'Thompson', 	'4/17/1989',	'Male',	'Dengue',		'0491758632', 'chloethompson@gmail.com', 'chloethompson'),
(97,	'Aaron', 'Davis', 		'2/12/1977',	'Male',	'Dengue',		'0872956341', 'aarondavis@gmail.com', 'aarondavis'),
(98,	'Claire', 'Johnson', 	'3/31/1994',	'Female',	'Dengue',		'0598763142', 'clairejohnson@gmail.com', 'clairejohnson'),
(99,	'Dylan', 'Gaylords', 	'8/8/1985',		'Male',	'Dengue',		'0758632914', 'dylangaylords@gmail.com', 'dylangaylords'),
(100,	'Khang', 'House', 		'9/12/1996',	'Male',	'Dengue',		'0699192932', 'khanghouse@gmail.com', 'khanghouse'),
(101,	'Khang', 'Glue', 		'4/30/1979',	'Male',	'Dengue',		'0382848582', 'khangglue@gmail.com', 'khangglue'),
(102,	'Madison', 'Green', 		'11/9/1983',	'Female',	'Dengue',		'0999434645', 'madisongreen@gmail.com', 'madisongreen');

INSERT INTO take_care(take_careid,date,nurseid,patientid)
VALUES
					  (2,'1/2/2020',2,1),
					  (3,'1/2/2020',1,7),
					  (4,'1/2/2020',2,10),
					  (5,'1/2/2020',1,12),
					  (6,'1/2/2020',1,11),
					  (7,'1/2/2020',2,13),
					  (8,'1/2/2020',1,20),
					  (9,'1/2/2020',2,1),
					  (10,'1/3/2020',5,12),
					  (11,'1/3/2020',5,15),
					  (12,'1/3/2020',2,35),
					  (13,'1/3/2020',1,70),
					  (14,'1/3/2020',17,60),
					  (15,'1/3/2020',20,31),
					  (16,'1/3/2020',10,10),
					  (17,'1/3/2020',17,40),
					  (18,'1/3/2020',12,21),
					  (19,'1/4/2020',2,35),
					  (20,'1/4/2020',1,90),
					  (21,'1/4/2020',20,51),
					  (22,'1/4/2020',17,32),
					  (23,'1/4/2020',2,60),
					  (24,'1/4/2020',7,69),
					  (25,'1/5/2020',8,11),
					  (26,'1/5/2020',17,20),
					  (27,'1/6/2020',19,40),
					  (28,'1/6/2020',18,30),
					  (29,'1/6/2020',17,12),
					  (30,'1/6/2020',10,49),
					  (31,'1/6/2020',6,70),
					  (32,'1/6/2020',12,99),
					  (33,'1/6/2020',10,101),
					  (34,'1/6/2020',10,91),
					  (35,'1/6/2020',10,20),
					  (36,'1/6/2020',7,31),
					  (37,'1/6/2020',7,70),
					  (38,'1/7/2020',7,12),
					  (39,'1/7/2020',7,1),
					  (40,'1/7/2020',17,31),
					  (41,'1/7/2020',17,21),
					  (42,'1/7/2020',17,33),
					  (43,'1/7/2020',17,35),
					  (44,'1/7/2020',17,40),
					  (45,'1/7/2020',13,23),
					  (46,'1/7/2020',13,40),
					  (47,'1/7/2020',13,49),
					  (48,'1/7/2020',13,48),
					  (49,'1/7/2020',8,32),
					  (50,'1/7/2020',8,60),
					  (51,'1/7/2020',8,69),
					  (52,'1/7/2020',8,12),
					  (53,'1/8/2020',12,68),
					  (54,'1/8/2020',12,67),
					  (55,'1/8/2020',12,55),
					  (56,'1/8/2020',12,100),
					  (57,'1/8/2020',12,97),
					  (58,'1/8/2020',20,13),
					  (59,'1/8/2020',20,12),
					  (60,'1/8/2020',20,15),
					  (61,'1/8/2020',20,20),
					  (62,'1/8/2020',20,89),
					  (63,'1/8/2020',20,10),
					  (64,'1/8/2020',1,21),
					  (65,'1/8/2020',1,23),
					  (66,'1/8/2020',1,26),
					  (67,'1/8/2020',1,70),
					  (68,'1/8/2020',1,101),
					  (69,'1/8/2020',1,102);

INSERT INTO occupy(occupyid,date_enter,date_leave,patientid,roomid)
VALUES
(3,'1/2/2020','1/4/2020',7,1),
(4,'1/2/2020','1/5/2020',11,2),
(5,'1/2/2020',null,23,5),
(6,'1/2/2020','1/3/2020',12,9),
(7,'1/3/2020','1/4/2020',13,8),
(8,'1/3/2020','1/3/2020',15,5),
(9,'1/3/2020','1/4/2020',3,7),
(10,'1/3/2020','1/4/2020',10,7),
(11,'1/3/2020','1/5/2020',20,10),
(12,'1/3/2020','1/4/2020',70,2),
(13,'1/3/2020',null,12,10),
(14,'1/3/2020',null,18,7),
(15,'1/3/2020','1/3/2020',19,10),
(16,'1/4/2020','1/4/2020',71,29),
(17,'1/4/2020','1/5/2020',73,1),
(18,'1/4/2020','1/4/2020',69,15),
(19,'1/4/2020','1/4/2020',70,50),
(20,'1/4/2020','1/4/2020',17,15),
(21,'1/4/2020','1/4/2020',80,15),
(22,'1/4/2020','1/8/2020',35,2),
(23,'1/4/2020','1/6/2020',1,2),
(24,'1/4/2020','1/5/2020',9,2),
(25,'1/4/2020','1/8/2020',7,10),
(26,'1/5/2020',null,19,29),
(27,'1/5/2020',null,8,44),
(28,'1/5/2020','1/6/2020',77,1),
(29,'1/5/2020','1/7/2020',73,10),
(30,'1/5/2020','1/5/2020',91,12),
(31,'1/5/2020','1/6/2020',13,35),
(32,'1/5/2020',null,79,5),
(33,'1/5/2020','1/6/2020',81,4),
(34,'1/5/2020','1/6/2020',83,4),
(35,'1/5/2020','1/7/2020',71,44),
(36,'1/6/2020','1/8/2020',98,45),
(37,'1/6/2020','1/8/2020',97,44),
(38,'1/6/2020','1/6/2020',8,47),
(39,'1/6/2020','1/6/2020',57,50),
(40,'1/6/2020',null,94,10),
(41,'1/6/2020',null,17,29),
(42,'1/6/2020','1/6/2020',90,26),
(43,'1/6/2020','1/7/2020',91,27),
(44,'1/6/2020','1/7/2020',61,27),
(45,'1/6/2020','1/7/2020',67,25),
(46,'1/6/2020','1/8/2020',81,1),
(47,'1/6/2020','1/8/2020',29,1),
(48,'1/6/2020',null,1,50),
(49,'1/6/2020',null,3,50),
(50,'1/6/2020','1/6/2020',77,25),
(51,'1/6/2020','1/6/2020',79,8),
(52,'1/7/2020','1/8/2020',70,50),
(53,'1/7/2020','1/7/2020',57,25),
(54,'1/7/2020','1/7/2020',93,5),
(55,'1/7/2020',null,42,5),
(56,'1/7/2020','1/7/2020',100,15),
(57,'1/7/2020','1/7/2020',64,15),
(58,'1/7/2020',null,74,2),
(59,'1/7/2020',null,9,2),
(60,'1/8/2020','1/8/2020',8,4),
(61,'1/8/2020','1/8/2020',10,6),
(62,'1/8/2020',null,12,29),
(63,'1/8/2020',null,78,44),
(64,'1/8/2020','1/8/2020',94,29),
(65,'1/8/2020','1/8/2020',37,44),
(66,'1/8/2020','1/8/2020',38,29),
(67,'1/8/2020',null,83,2),
(68,'1/8/2020',null,85,2),
(69,'1/8/2020',null,27,44),
(70,'1/8/2020','1/8/2020',69,29),
(71,'1/8/2020','1/8/2020',54,44),
(72,'1/8/2020',null,55,2),
(73,'1/8/2020',null,42,2),
(74,'1/8/2020',null,56,29),
(75,'1/8/2020','1/8/2020',48,44),
(76,'1/8/2020','1/8/2020',57,44),
(77,'1/8/2020','1/8/2020',21,29);

INSERT INTO	Appointment(appointmentid, date, patientid, doctorid)
VALUES
(4, '1/12/2020', 12, 2),
(5, '1/22/2020', 13, 17),
(6, '1/31/2020', 3, 4),
(7, '1/16/2020', 7, 7),
(8, '1/14/2020', 9, 2),
(9, '1/19/2020', 4, 3),
(10, '1/23/2020', 17, 11),
(11, '1/30/2020', 90, 16),
(12, '1/11/2020', 62, 3),
(13, '1/18/2020', 37, 9),
(14, '1/2/2020', 29, 20),
(15, '1/20/2020', 14, 12),
(16, '1/3/2020', 25, 9),
(17, '1/6/2020', 27, 19),
(18, '1/4/2020', 30, 16),
(19, '1/1/2020', 1, 13),
(20, '1/5/2020', 5, 1),
(21, '1/13/2020', 55, 8),
(22, '1/7/2020', 59, 5),
(23, '1/10/2020', 57, 5),
(24, '1/9/2020', 26, 17),
(25, '1/25/2020', 22, 19),
(26, '1/24/2020', 10, 4),
(27, '1/27/2020', 19, 18),
(28, '1/3/2020', 22, 1),
(29, '1/5/2020', 32, 14),
(30, '1/12/2020', 49, 9),
(31, '1/19/2020', 40, 11),
(32, '1/17/2020', 48, 1),
(33, '1/31/2020', 50, 3),
(34, '1/22/2020', 41, 8),
(35, '1/24/2020', 46, 18),
(36, '1/21/2020', 51, 2),
(37, '1/16/2020', 53, 1),
(38, '1/19/2020', 60, 20),
(39, '1/14/2020', 66, 8),
(40, '1/23/2020', 69, 9),
(41, '1/18/2020', 67, 14),
(42, '1/1/2020', 70, 1),
(43, '1/7/2020', 77, 20),
(44, '1/9/2020', 79, 16),
(45, '1/10/2020', 71, 15),
(46, '1/26/2020', 80, 1),
(47, '1/30/2020', 88, 8),
(48, '1/15/2020', 90, 17),
(49, '1/2/2020', 98, 19),
(50, '1/7/2020', 100, 15),
(51, '1/29/2020', 96, 18),
(52, '1/28/2020', 91, 12),
(53, '1/27/2020', 75, 3)

